-- phpMyAdmin SQL Dump
-- version 4.8.0.1
-- https://www.phpmyadmin.net/
--
-- Host: 127.0.0.1
-- Generation Time: Jun 07, 2018 at 05:28 AM
-- Server version: 10.1.32-MariaDB
-- PHP Version: 5.6.36

SET SQL_MODE = "NO_AUTO_VALUE_ON_ZERO";
SET AUTOCOMMIT = 0;
START TRANSACTION;
SET time_zone = "+00:00";


/*!40101 SET @OLD_CHARACTER_SET_CLIENT=@@CHARACTER_SET_CLIENT */;
/*!40101 SET @OLD_CHARACTER_SET_RESULTS=@@CHARACTER_SET_RESULTS */;
/*!40101 SET @OLD_COLLATION_CONNECTION=@@COLLATION_CONNECTION */;
/*!40101 SET NAMES utf8mb4 */;

--
-- Database: `vehicle1`
--

-- --------------------------------------------------------

--
-- Table structure for table `mileage1`
--

CREATE TABLE `mileage1` (
  `vehicle_id` int(11) NOT NULL,
  `mileage` float NOT NULL,
  `user_id` int(11) NOT NULL,
  `date` timestamp NOT NULL DEFAULT CURRENT_TIMESTAMP ON UPDATE CURRENT_TIMESTAMP,
  `vehicle_name` varchar(200) NOT NULL
) ENGINE=InnoDB DEFAULT CHARSET=latin1;

--
-- Dumping data for table `mileage1`
--

INSERT INTO `mileage1` (`vehicle_id`, `mileage`, `user_id`, `date`, `vehicle_name`) VALUES
(1234, 0, 501, '2018-06-07 03:20:48', 're'),
(1234, 23.4, 501, '2018-06-07 03:20:48', 're'),
(1234, 38.4, 501, '2018-06-07 03:20:48', 're'),
(1234, 49.6, 501, '2018-06-07 03:20:48', 're'),
(1234, 24.4, 501, '2018-06-07 03:20:48', 're'),
(1234, 53.9, 501, '2018-06-07 03:20:48', 're'),
(2345, 0, 502, '2018-06-07 03:21:13', 'bmw'),
(2345, 12, 502, '2018-06-07 03:21:13', 'bmw'),
(2345, 52.5, 502, '2018-06-07 03:21:13', 'bmw'),
(2345, 26.4, 502, '2018-06-07 03:21:13', 'bmw'),
(2345, 21.3333, 502, '2018-06-07 03:21:13', 'bmw'),
(2345, 67, 502, '2018-06-07 03:21:13', 'bmw'),
(3456, 0, 503, '2018-06-07 03:21:27', 'ktm'),
(3456, 15.5, 503, '2018-06-07 03:21:27', 'ktm'),
(3456, 75, 503, '2018-06-07 03:21:27', 'ktm'),
(3456, 32, 503, '2018-06-07 03:21:27', 'ktm'),
(3456, 31.2667, 503, '2018-06-07 03:21:27', 'ktm'),
(3456, 55.3, 503, '2018-06-07 03:21:27', 'ktm'),
(4567, 0, 504, '2018-06-07 03:21:42', 'audi'),
(4567, 13.65, 504, '2018-06-07 03:21:42', 'audi'),
(4567, 64.6, 504, '2018-06-07 03:21:42', 'audi'),
(4567, 15, 504, '2018-06-07 03:21:42', 'audi'),
(5678, 0, 505, '2018-06-07 03:22:14', 'activa'),
(5678, 26.86, 505, '2018-06-07 03:22:14', 'activa'),
(5678, 125.58, 505, '2018-06-07 03:22:14', 'activa'),
(5678, 18.6, 505, '2018-06-07 03:22:14', 'activa'),
(6789, 0, 506, '2018-06-07 03:22:28', 'benz'),
(6789, 12.58, 506, '2018-06-07 03:22:28', 'benz'),
(6789, 70.06, 506, '2018-06-07 03:22:28', 'benz'),
(6789, 23.4, 506, '2018-06-07 03:22:28', 'benz'),
(7890, 0, 507, '2018-06-07 03:22:41', 'ktm'),
(7890, 18, 507, '2018-06-07 03:22:41', 'ktm'),
(7890, 102.2, 507, '2018-06-07 03:22:41', 'ktm'),
(7890, 37.2, 507, '2018-06-07 03:22:41', 'ktm'),
(7890, 26.4, 507, '2018-06-07 03:22:41', 'ktm'),
(7890, 51.2, 507, '2018-06-07 03:22:41', 'ktm'),
(8901, 0, 508, '2018-06-07 03:22:56', 'ferrari'),
(8901, 10.5, 508, '2018-06-07 03:22:56', 'ferrari'),
(8901, 53.6, 508, '2018-06-07 03:22:56', 'ferrari'),
(8901, 39.2, 508, '2018-06-07 03:22:56', 'ferrari'),
(8901, 18.8, 508, '2018-06-07 03:22:56', 'ferrari'),
(8901, 60, 508, '2018-06-07 03:22:56', 'ferrari'),
(5454, 0, 509, '2018-06-07 03:23:11', 'gixer'),
(5454, 25.675, 509, '2018-06-07 03:23:11', 'gixer'),
(5454, 90.85, 509, '2018-06-07 03:23:11', 'gixer'),
(5454, 39, 509, '2018-06-07 03:23:11', 'gixer'),
(5454, 34.6667, 509, '2018-06-07 03:23:11', 'gixer'),
(5454, 40.3, 509, '2018-06-07 03:23:11', 'gixer'),
(4545, 0, 510, '2018-06-07 03:23:23', 'audi'),
(4545, 19.5, 510, '2018-06-07 03:23:23', 'audi'),
(4545, 80, 510, '2018-06-07 03:23:23', 'audi'),
(4545, 51.84, 510, '2018-06-07 03:23:23', 'audi'),
(4545, 28.12, 510, '2018-06-07 03:23:23', 'audi'),
(4545, 42.7, 510, '2018-06-07 03:23:23', 'audi'),
(2727, 0, 511, '2018-06-07 03:23:35', 'activa'),
(2727, 22.4, 511, '2018-06-07 03:23:35', 'activa'),
(2727, 72.6, 511, '2018-06-07 03:23:35', 'activa'),
(2727, 48, 511, '2018-06-07 03:23:35', 'activa'),
(2727, 27.84, 511, '2018-06-07 03:23:35', 'activa'),
(2727, 46.15, 511, '2018-06-07 03:23:35', 'activa'),
(3434, 0, 512, '2018-06-07 03:23:49', 'bmw'),
(3434, 15.2, 512, '2018-06-07 03:23:49', 'bmw'),
(3434, 60.8, 512, '2018-06-07 03:23:49', 'bmw'),
(3434, 53.04, 512, '2018-06-07 03:23:49', 'bmw'),
(3434, 20.68, 512, '2018-06-07 03:23:49', 'bmw'),
(3434, 41.25, 512, '2018-06-07 03:23:49', 'bmw');

-- --------------------------------------------------------

--
-- Table structure for table `odometer_details`
--

CREATE TABLE `odometer_details` (
  `vehicle_id` int(11) NOT NULL,
  `odometer` double NOT NULL,
  `price` int(11) NOT NULL,
  `date` timestamp NOT NULL DEFAULT CURRENT_TIMESTAMP
) ENGINE=InnoDB DEFAULT CHARSET=latin1;

--
-- Dumping data for table `odometer_details`
--

INSERT INTO `odometer_details` (`vehicle_id`, `odometer`, `price`, `date`) VALUES
(1234, 0, 100, '2018-06-06 16:46:58'),
(1234, 60, 200, '2018-06-06 16:47:16'),
(1234, 120, 100, '2018-06-06 16:47:30'),
(1234, 200, 100, '2018-06-06 16:47:41'),
(1234, 260, 150, '2018-06-06 16:47:55'),
(1234, 330, 100, '2018-06-06 16:48:07'),
(2345, 0, 100, '2018-06-06 16:48:49'),
(2345, 30, 200, '2018-06-06 16:48:57'),
(2345, 100, 100, '2018-06-06 16:49:05'),
(2345, 140, 100, '2018-06-06 16:49:13'),
(2345, 190, 150, '2018-06-06 16:49:23'),
(2345, 290, 100, '2018-06-06 16:49:36'),
(3456, 0, 100, '2018-06-06 16:50:10'),
(3456, 50, 200, '2018-06-06 16:50:20'),
(3456, 150, 100, '2018-06-06 16:50:30'),
(3456, 190, 100, '2018-06-06 16:50:37'),
(3456, 260, 150, '2018-06-06 16:50:46'),
(3456, 330, 100, '2018-06-06 16:50:54'),
(4567, 0, 100, '2018-06-06 16:51:49'),
(4567, 35, 200, '2018-06-06 16:51:58'),
(4567, 120, 100, '2018-06-06 16:52:05'),
(4567, 160, 200, '2018-06-06 16:52:12'),
(5678, 0, 100, '2018-06-06 16:52:47'),
(5678, 68, 200, '2018-06-06 16:52:57'),
(5678, 250, 100, '2018-06-06 16:53:05'),
(5678, 310, 200, '2018-06-06 16:53:14'),
(6789, 0, 100, '2018-06-06 16:53:44'),
(6789, 37, 200, '2018-06-06 16:53:53'),
(6789, 150, 100, '2018-06-06 16:54:00'),
(6789, 210, 200, '2018-06-06 16:54:07'),
(7890, 0, 100, '2018-06-06 16:54:57'),
(7890, 60, 200, '2018-06-06 16:55:09'),
(7890, 200, 100, '2018-06-06 16:55:17'),
(7890, 260, 100, '2018-06-06 16:55:25'),
(7890, 320, 150, '2018-06-06 16:55:33'),
(7890, 400, 100, '2018-06-06 16:55:40'),
(8901, 0, 100, '2018-06-06 16:56:14'),
(8901, 35, 200, '2018-06-06 16:56:25'),
(8901, 102, 100, '2018-06-06 16:56:34'),
(8901, 158, 100, '2018-06-06 16:56:42'),
(8901, 205, 150, '2018-06-06 16:56:53'),
(8901, 285, 100, '2018-06-06 16:57:03'),
(5454, 0, 100, '2018-06-06 16:58:08'),
(5454, 65, 200, '2018-06-06 16:58:15'),
(5454, 180, 100, '2018-06-06 16:58:21'),
(5454, 230, 100, '2018-06-06 16:58:27'),
(5454, 295, 150, '2018-06-06 16:58:37'),
(5454, 360, 100, '2018-06-06 16:58:45'),
(4545, 0, 100, '2018-06-06 16:59:07'),
(4545, 60, 200, '2018-06-06 16:59:14'),
(4545, 160, 100, '2018-06-06 16:59:22'),
(4545, 232, 100, '2018-06-06 16:59:30'),
(4545, 289, 150, '2018-06-06 16:59:39'),
(4545, 350, 100, '2018-06-06 16:59:49'),
(2727, 0, 100, '2018-06-06 17:00:24'),
(2727, 70, 200, '2018-06-06 17:00:33'),
(2727, 180, 100, '2018-06-06 17:00:43'),
(2727, 240, 100, '2018-06-06 17:00:55'),
(2727, 298, 150, '2018-06-06 17:01:07'),
(2727, 369, 100, '2018-06-06 17:01:15'),
(3434, 0, 100, '2018-06-06 17:01:59'),
(3434, 40, 200, '2018-06-06 17:02:18'),
(3434, 120, 100, '2018-06-06 17:02:26'),
(3434, 198, 100, '2018-06-06 17:02:35'),
(3434, 245, 150, '2018-06-06 17:02:45'),
(3434, 300, 100, '2018-06-06 17:02:55');

-- --------------------------------------------------------

--
-- Table structure for table `users`
--

CREATE TABLE `users` (
  `user_id` int(11) NOT NULL,
  `username` varchar(100) NOT NULL,
  `password` varchar(100) NOT NULL
) ENGINE=InnoDB DEFAULT CHARSET=latin1;

--
-- Dumping data for table `users`
--

INSERT INTO `users` (`user_id`, `username`, `password`) VALUES
(501, 'adarsh', '111'),
(502, 'akhil', '111'),
(503, 'akhilreddy', '111'),
(504, 'akshay', '111'),
(505, 'ankitha', '111'),
(506, 'anusha', '111'),
(507, 'arjun', '111'),
(508, 'rabiya', '111'),
(509, 'chanakya', '111'),
(510, 'deepika', '111'),
(511, 'geeta', '111'),
(512, 'sahithi', '111'),
(513, 'geetapriya', '111'),
(514, 'varshini', '111'),
(515, 'jagdeesh', '111'),
(516, 'keerthana', '111'),
(517, 'kiran', '111'),
(518, 'krishna', '111'),
(519, 'prasanna', '111'),
(520, 'umar', '111');

-- --------------------------------------------------------

--
-- Table structure for table `vehicle`
--

CREATE TABLE `vehicle` (
  `user_id` int(11) NOT NULL,
  `vehicle_id` int(11) NOT NULL,
  `vehicle_name` varchar(100) NOT NULL,
  `vehicle_type` varchar(100) NOT NULL
) ENGINE=InnoDB DEFAULT CHARSET=latin1;

--
-- Dumping data for table `vehicle`
--

INSERT INTO `vehicle` (`user_id`, `vehicle_id`, `vehicle_name`, `vehicle_type`) VALUES
(517, 1212, 'ktm', 'bike'),
(519, 1232, 'bmw', 'car'),
(501, 1234, 're', 'bike'),
(502, 2345, 'bmw', 'car'),
(520, 2666, 'gixer', 'bike'),
(511, 2727, 'activa', 'bike'),
(516, 3432, 'ferrari', 'car'),
(512, 3434, 'bmw', 'car'),
(503, 3456, 'ktm', 'bike'),
(518, 4321, 'gixer', 'bike'),
(510, 4545, 'audi', 'car'),
(504, 4567, 'audi', 'car'),
(515, 4623, 're', 'bike'),
(509, 5454, 'gixer', 'bike'),
(505, 5678, 'activa', 'bike'),
(513, 6565, 'activa', 'bike'),
(507, 6578, 'audi', 'car'),
(506, 6789, 'benz', 'car'),
(514, 7676, 'benz', 'car'),
(507, 7890, 'ktm', 'bike'),
(508, 8901, 'ferrari', 'car'),
(504, 8976, 'ktm', 'bike'),
(502, 9090, 'gixer', 'bike'),
(517, 9800, 'bmw', 'car');

--
-- Indexes for dumped tables
--

--
-- Indexes for table `users`
--
ALTER TABLE `users`
  ADD PRIMARY KEY (`user_id`);

--
-- Indexes for table `vehicle`
--
ALTER TABLE `vehicle`
  ADD PRIMARY KEY (`vehicle_id`),
  ADD KEY `vehicle_id` (`vehicle_id`);

--
-- AUTO_INCREMENT for dumped tables
--

--
-- AUTO_INCREMENT for table `users`
--
ALTER TABLE `users`
  MODIFY `user_id` int(11) NOT NULL AUTO_INCREMENT, AUTO_INCREMENT=521;
COMMIT;

/*!40101 SET CHARACTER_SET_CLIENT=@OLD_CHARACTER_SET_CLIENT */;
/*!40101 SET CHARACTER_SET_RESULTS=@OLD_CHARACTER_SET_RESULTS */;
/*!40101 SET COLLATION_CONNECTION=@OLD_COLLATION_CONNECTION */;
